{"cameraMode":{"drawMode":0,"name":"Shaded","section":"Shading Mode"},"sceneLighting":true,"audioPlay":false,"sceneViewState":{"showFog":true,"showMaterialUpdate":true,"showSkybox":true,"showFlares":true,"showImageEffects":true,"showParticleSystems":true},"in2DMode":false,"pivot":{"x":-4.136347770690918,"y":-3.4009923934936525,"z":-8.111413955688477},"rotation":{"x":-0.07678841799497605,"y":0.919517457485199,"z":-0.31219932436943056,"w":-0.22619175910949708},"size":14.514619827270508,"orthographic":false}