{"cameraMode":{"drawMode":0,"name":"Shaded","section":"Shading Mode"},"sceneLighting":true,"audioPlay":false,"sceneViewState":{"showFog":true,"showMaterialUpdate":true,"showSkybox":true,"showFlares":true,"showImageEffects":true,"showParticleSystems":true},"in2DMode":false,"pivot":{"x":-11.427181243896485,"y":-3.368532657623291,"z":7.236908435821533},"rotation":{"x":-0.04496389254927635,"y":0.8868653178215027,"z":-0.0883650854229927,"w":-0.4512775242328644},"size":2.8637712001800539,"orthographic":false}