{"cameraMode":{"drawMode":0,"name":"Shaded","section":"Shading Mode"},"sceneLighting":true,"audioPlay":false,"sceneViewState":{"showFog":true,"showMaterialUpdate":true,"showSkybox":true,"showFlares":true,"showImageEffects":true,"showParticleSystems":true},"in2DMode":false,"pivot":{"x":-3.632105588912964,"y":-0.641289472579956,"z":-2.2375717163085939},"rotation":{"x":0.098322793841362,"y":-0.8923497200012207,"z":0.23576954007148744,"w":0.37214162945747378},"size":5.079494953155518,"orthographic":false}