{"cameraMode":{"drawMode":0,"name":"Shaded","section":"Shading Mode"},"sceneLighting":false,"audioPlay":false,"sceneViewState":{"showFog":true,"showMaterialUpdate":true,"showSkybox":false,"showFlares":true,"showImageEffects":true,"showParticleSystems":true},"in2DMode":false,"pivot":{"x":0.6077613830566406,"y":0.18859484791755677,"z":-0.2154841274023056},"rotation":{"x":-0.04666648432612419,"y":0.7721861004829407,"z":-0.05709841474890709,"w":-0.6311046481132507},"size":1.3307873010635377,"orthographic":false}