{"cameraMode":{"drawMode":0,"name":"Shaded","section":"Shading Mode"},"sceneLighting":true,"audioPlay":false,"sceneViewState":{"showFog":true,"showMaterialUpdate":true,"showSkybox":true,"showFlares":true,"showImageEffects":true,"showParticleSystems":true},"in2DMode":false,"pivot":{"x":-11.723318099975586,"y":-4.739569664001465,"z":8.047351837158204},"rotation":{"x":-0.04666648432612419,"y":0.7721861004829407,"z":-0.05709841474890709,"w":-0.6311046481132507},"size":2.606785297393799,"orthographic":false}